create DATABASE college_connect_db;
USE college_connect_db;

CREATE TABLE users (
    username VARCHAR(50) PRIMARY KEY,
    password VARCHAR(50),
    role VARCHAR(20),
    college_id INT,
    full_name VARCHAR(100),
    email VARCHAR(100),
    phone VARCHAR(15)
);

INSERT INTO users (username, password, role, college_id, full_name, email, phone) VALUES
('adity','12345','College',1,NULL,NULL,NULL),
('admin','admin123','Admin',NULL,NULL,NULL,NULL),
('ahmedabaduni','12345','College',121,NULL,NULL,NULL),
('akgec','12345','College',141,NULL,NULL,NULL),
('aktu','12345','College',31,NULL,NULL,NULL),
('alice','1','Student',NULL,NULL,NULL,NULL),
('amity','12345','College',29,NULL,NULL,NULL),
('amu','12345','College',136,NULL,NULL,NULL),
('ancollege','12345','College',206,NULL,NULL,NULL),
('anits','12345','College',236,NULL,NULL,NULL),
('annamacharya','12345','College',247,NULL,NULL,NULL),
('annau','12345','College',18,NULL,NULL,NULL),
('anurag','12345','College',55,NULL,NULL,NULL),
('ashoka','12345','College',195,NULL,NULL,NULL),
('assamengg','12345','College',215,NULL,NULL,NULL),
('assamwomens','12345','College',224,NULL,NULL,NULL),
('asutosh','12345','College',162,NULL,NULL,NULL),
('banasthali','12345','College',132,NULL,NULL,NULL),
('bangaloreuni','12345','College',72,NULL,NULL,NULL),
('bapatla','12345','College',241,NULL,NULL,NULL),
('barkatullah','12345','College',152,NULL,NULL,NULL),
('bcebhagalpur','12345','College',209,NULL,NULL,NULL),
('bhu','12345','College',30,NULL,NULL,NULL),
('bitpatna','12345','College',203,NULL,NULL,NULL),
('bitshyd','12345','College',59,NULL,NULL,NULL),
('bitspilani','12345','College',123,NULL,NULL,NULL),
('bml','12345','College',199,NULL,NULL,NULL),
('bmsco','12345','College',25,NULL,NULL,NULL),
('bob','1','Student',NULL,'BOb','bob@gmail.com','9876543219'),
('calcu','12345','College',36,NULL,NULL,NULL),
('cbit','12345','College',6,NULL,NULL,NULL),
('cet','12345','College',89,NULL,NULL,NULL),
('cetbbs','12345','College',170,NULL,NULL,NULL),
('chandigarhu','12345','College',184,NULL,NULL,NULL),
('chandragupt','12345','College',208,NULL,NULL,NULL),
('charlie','12345','Student',NULL,NULL,NULL,NULL),
('chitkara','12345','College',186,NULL,NULL,NULL),
('chris','12345','College',26,NULL,NULL,NULL),
('cimp','12345','College',207,NULL,NULL,NULL),
('coep','12345','College',11,NULL,NULL,NULL),
('cotton','12345','College',219,NULL,NULL,NULL),
('cusat','12345','College',90,NULL,NULL,NULL),
('cvr','12345','College',61,NULL,NULL,NULL),
('cvraman','12345','College',175,NULL,NULL,NULL),
('daiict','12345','College',114,NULL,NULL,NULL),
('davjal','12345','College',188,NULL,NULL,NULL),
('davv','12345','College',148,NULL,NULL,NULL),
('dayalbagh','12345','College',137,NULL,NULL,NULL),
('dayananda','12345','College',71,NULL,NULL,NULL),
('dcrust','12345','College',192,NULL,NULL,NULL),
('dhanekula','12345','College',250,NULL,NULL,NULL),
('dibrugarh','12345','College',218,NULL,NULL,NULL),
('djsce','12345','College',110,NULL,NULL,NULL),
('don','1','Student',NULL,NULL,NULL,NULL),
('donbosco','12345','College',221,NULL,NULL,NULL),
('dtu','12345','College',14,NULL,NULL,NULL),
('fakirmohan','12345','College',177,NULL,NULL,NULL),
('farook','12345','College',98,NULL,NULL,NULL),
('fergusson','12345','College',102,NULL,NULL,NULL),
('galgo','12345','College',32,NULL,NULL,NULL),
('gargi','12345','College',234,NULL,NULL,NULL),
('gauhati','12345','College',220,NULL,NULL,NULL),
('gayaengg','12345','College',211,NULL,NULL,NULL),
('gita','12345','College',176,NULL,NULL,NULL),
('gitam','12345','College',43,NULL,NULL,NULL),
('glbajaj','12345','College',140,NULL,NULL,NULL),
('gmr','12345','College',49,NULL,NULL,NULL),
('gndu','12345','College',185,NULL,NULL,NULL),
('gokaraju','12345','College',62,NULL,NULL,NULL),
('gpullaiah','12345','College',249,NULL,NULL,NULL),
('gpullareddy','12345','College',51,NULL,NULL,NULL),
('gudlavalleru','12345','College',242,NULL,NULL,NULL),
('gujaratuni','12345','College',117,NULL,NULL,NULL),
('gvp','12345','College',48,NULL,NULL,NULL),
('haldia','12345','College',158,NULL,NULL,NULL),
('hansraj','12345','College',231,NULL,NULL,NULL),
('hbtu','12345','College',134,NULL,NULL,NULL),
('herit','12345','College',35,NULL,NULL,NULL),
('hindu','12345','College',229,NULL,NULL,NULL),
('hindustan','12345','College',85,NULL,NULL,NULL),
('icfai','12345','College',58,NULL,NULL,NULL),
('iem','12345','College',157,NULL,NULL,NULL),
('igdtuw','12345','College',227,NULL,NULL,NULL),
('iiest','12345','College',155,NULL,NULL,NULL),
('iiitdelhi','12345','College',225,NULL,NULL,NULL),
('iima','12345','College',111,NULL,NULL,NULL),
('iimb','12345','College',75,NULL,NULL,NULL),
('iimindore','12345','College',146,NULL,NULL,NULL),
('iimlucknow','12345','College',135,NULL,NULL,NULL),
('iisc','12345','College',65,NULL,NULL,NULL),
('iitbbs','12345','College',166,NULL,NULL,NULL),
('iitbo','12345','College',8,NULL,NULL,NULL),
('iitde','12345','College',13,NULL,NULL,NULL),
('iitgn','12345','College',112,NULL,NULL,NULL),
('iitguwahati','12345','College',213,NULL,NULL,NULL),
('iithy','12345','College',3,NULL,NULL,NULL),
('iitindore','12345','College',144,NULL,NULL,NULL),
('iitjodhpur','12345','College',125,NULL,NULL,NULL),
('iitka','12345','College',28,NULL,NULL,NULL),
('iitkh','12345','College',33,NULL,NULL,NULL),
('iitmadras','12345','College',77,NULL,NULL,NULL),
('iitpatna','12345','College',201,NULL,NULL,NULL),
('iitropar','12345','College',178,NULL,NULL,NULL),
('ipuni','12345','College',17,NULL,NULL,NULL),
('jadav','12345','College',34,NULL,NULL,NULL),
('jain','12345','College',69,NULL,NULL,NULL),
('jamia','12345','College',16,NULL,NULL,NULL),
('jecrc','12345','College',128,NULL,NULL,NULL),
('jiit','12345','College',138,NULL,NULL,NULL),
('jiwaji','12345','College',153,NULL,NULL,NULL),
('jntua','12345','College',50,NULL,NULL,NULL),
('jntuh','12345','College',5,NULL,NULL,NULL),
('jntuk','12345','College',40,NULL,NULL,NULL),
('jnu','12345','College',235,NULL,NULL,NULL),
('jorhatengg','12345','College',216,NULL,NULL,NULL),
('jssnoida','12345','College',142,NULL,NULL,NULL),
('kakatiya','12345','College',53,NULL,NULL,NULL),
('kalyani','12345','College',165,NULL,NULL,NULL),
('kaziranga','12345','College',223,NULL,NULL,NULL),
('keralauni','12345','College',96,NULL,NULL,NULL),
('khalsa','12345','College',189,NULL,NULL,NULL),
('kiet','12345','College',143,NULL,NULL,NULL),
('kiit','12345','College',168,NULL,NULL,NULL),
('klu','12345','College',42,NULL,NULL,NULL),
('kmit','12345','College',63,NULL,NULL,NULL),
('kuk','12345','College',194,NULL,NULL,NULL),
('kumaraguru','12345','College',86,NULL,NULL,NULL),
('lbrce','12345','College',243,NULL,NULL,NULL),
('ldcollege','12345','College',118,NULL,NULL,NULL),
('lnct','12345','College',149,NULL,NULL,NULL),
('lnmiit','12345','College',126,NULL,NULL,NULL),
('loyol','12345','College',22,NULL,NULL,NULL),
('lpu','12345','College',183,NULL,NULL,NULL),
('lsr','12345','College',233,NULL,NULL,NULL),
('mahindra','12345','College',56,NULL,NULL,NULL),
('manavrachna','12345','College',200,NULL,NULL,NULL),
('manip','12345','College',27,NULL,NULL,NULL),
('manit','12345','College',145,NULL,NULL,NULL),
('marathanasius','12345','College',95,NULL,NULL,NULL),
('mbm','12345','College',131,NULL,NULL,NULL),
('mcc','12345','College',82,NULL,NULL,NULL),
('mdu','12345','College',193,NULL,NULL,NULL),
('medicaps','12345','College',150,NULL,NULL,NULL),
('mepco','12345','College',87,NULL,NULL,NULL),
('mgit','12345','College',64,NULL,NULL,NULL),
('mguniv','12345','College',97,NULL,NULL,NULL),
('miranda','12345','College',232,NULL,NULL,NULL),
('mitmuzaffarpur','12345','College',210,NULL,NULL,NULL),
('mits','12345','College',240,NULL,NULL,NULL),
('mitwpu','12345','College',101,NULL,NULL,NULL),
('mnit','12345','College',124,NULL,NULL,NULL),
('mnnit','12345','College',133,NULL,NULL,NULL),
('model','12345','College',91,NULL,NULL,NULL),
('msramaiah','12345','College',67,NULL,NULL,NULL),
('msuniv','12345','College',116,NULL,NULL,NULL),
('muthoot','12345','College',93,NULL,NULL,NULL),
('mvgr','12345','College',244,NULL,NULL,NULL),
('mysoreuni','12345','College',73,NULL,NULL,NULL),
('nalanda','12345','College',212,NULL,NULL,NULL),
('nbkr','12345','College',248,NULL,NULL,NULL),
('nie','12345','College',76,NULL,NULL,NULL),
('nirma','12345','College',113,NULL,NULL,NULL),
('nitcalicut','12345','College',88,NULL,NULL,NULL),
('nitdelhi','12345','College',226,NULL,NULL,NULL),
('nitdurgapur','12345','College',156,NULL,NULL,NULL),
('nitjalandhar','12345','College',179,NULL,NULL,NULL),
('nitk','12345','College',66,NULL,NULL,NULL),
('nitkurukshetra','12345','College',190,NULL,NULL,NULL),
('nitpatna','12345','College',202,NULL,NULL,NULL),
('nitrourkela','12345','College',167,NULL,NULL,NULL),
('nitsilchar','12345','College',214,NULL,NULL,NULL),
('nitte','12345','College',70,NULL,NULL,NULL),
('nittrichy','12345','College',78,NULL,NULL,NULL),
('nmims','12345','College',12,NULL,NULL,NULL),
('northcap','12345','College',197,NULL,NULL,NULL),
('nsec','12345','College',163,NULL,NULL,NULL),
('nsut','12345','College',15,NULL,NULL,NULL),
('opjindal','12345','College',196,NULL,NULL,NULL),
('oriental','12345','College',151,NULL,NULL,NULL),
('osman','12345','College',4,NULL,NULL,NULL),
('panjabuni','12345','College',182,NULL,NULL,NULL),
('patnascience','12345','College',205,NULL,NULL,NULL),
('patnauni','12345','College',204,NULL,NULL,NULL),
('pdpu','12345','College',115,NULL,NULL,NULL),
('pec','12345','College',181,NULL,NULL,NULL),
('pes','12345','College',68,NULL,NULL,NULL),
('pict','12345','College',100,NULL,NULL,NULL),
('pnrs','2','Student',NULL,'P Narasimha','hi@gmail.com','9876543219'),
('pragati','12345','College',239,NULL,NULL,NULL),
('prane','12345','College',38,NULL,NULL,NULL),
('presidency','12345','College',84,NULL,NULL,NULL),
('presidencywb','12345','College',159,NULL,NULL,NULL),
('psgte','12345','College',21,NULL,NULL,NULL),
('raghu','12345','College',246,NULL,NULL,NULL),
('raham','1','Student',NULL,'Rahamthulla','rehma@gmail.com','9876543211'),
('rajagiri','12345','College',92,NULL,NULL,NULL),
('rajasthanuni','12345','College',127,NULL,NULL,NULL),
('ravenshaw','12345','College',172,NULL,NULL,NULL),
('rayat','12345','College',187,NULL,NULL,NULL),
('rcc','12345','College',164,NULL,NULL,NULL),
('rcoem','12345','College',107,NULL,NULL,NULL),
('rkdf','12345','College',154,NULL,NULL,NULL),
('royalglobal','12345','College',222,NULL,NULL,NULL),
('rtu','12345','College',130,NULL,NULL,NULL),
('rvcol','12345','College',24,NULL,NULL,NULL),
('rvrjc','12345','College',46,NULL,NULL,NULL),
('sacredheart','12345','College',99,NULL,NULL,NULL),
('sam','12345','Student',NULL,NULL,NULL,NULL),
('sara','12345','Student',NULL,NULL,NULL,NULL),
('sastra','12345','College',80,NULL,NULL,NULL),
('sathyabama','12345','College',79,NULL,NULL,NULL),
('scottish','12345','College',161,NULL,NULL,NULL),
('sgsits','12345','College',147,NULL,NULL,NULL),
('shivnadar','12345','College',139,NULL,NULL,NULL),
('silicon','12345','College',174,NULL,NULL,NULL),
('skit','12345','College',129,NULL,NULL,NULL),
('soa','12345','College',169,NULL,NULL,NULL),
('somaiya','12345','College',104,NULL,NULL,NULL),
('spit','12345','College',106,NULL,NULL,NULL),
('spjimr','12345','College',105,NULL,NULL,NULL),
('srcc','12345','College',228,NULL,NULL,NULL),
('sreenidhi','12345','College',54,NULL,NULL,NULL),
('srkr','12345','College',47,NULL,NULL,NULL),
('srmsonipat','12345','College',198,NULL,NULL,NULL),
('srmu2','12345','College',19,NULL,NULL,NULL),
('srmun','12345','College',2,NULL,NULL,NULL),
('ssn','12345','College',81,NULL,NULL,NULL),
('stella','12345','College',83,NULL,NULL,NULL),
('stjosephs','12345','College',74,NULL,NULL,NULL),
('ststephens','12345','College',230,NULL,NULL,NULL),
('student','student123','Student',NULL,NULL,NULL,NULL),
('svnit','12345','College',122,NULL,NULL,NULL),
('svu','12345','College',41,NULL,NULL,NULL),
('symbi','12345','College',10,NULL,NULL,NULL),
('techn','12345','College',37,NULL,NULL,NULL),
('tezpur','12345','College',217,NULL,NULL,NULL),
('thapar','12345','College',180,NULL,NULL,NULL),
('tkm','12345','College',94,NULL,NULL,NULL),
('utkal','12345','College',171,NULL,NULL,NULL),
('vardhaman','12345','College',60,NULL,NULL,NULL),
('vasavi','12345','College',52,NULL,NULL,NULL),
('vidyanikethan','12345','College',238,NULL,NULL,NULL),
('vignan','12345','College',45,NULL,NULL,NULL),
('vishnu','12345','College',245,NULL,NULL,NULL),
('vishwakarma','12345','College',119,NULL,NULL,NULL),
('vitap','12345','College',44,NULL,NULL,NULL),
('vitve','12345','College',20,NULL,NULL,NULL),
('vjti','12345','College',9,NULL,NULL,NULL),
('vnit','12345','College',109,NULL,NULL,NULL),
('vnrvj','12345','College',7,NULL,NULL,NULL),
('vrsec','12345','College',237,NULL,NULL,NULL),
('vssut','12345','College',173,NULL,NULL,NULL),
('vtu','12345','College',23,NULL,NULL,NULL),
('walchand','12345','College',108,NULL,NULL,NULL),
('woxsen','12345','College',57,NULL,NULL,NULL),
('xaviersahd','12345','College',120,NULL,NULL,NULL),
('xavierskol','12345','College',160,NULL,NULL,NULL),
('xaviersmum','12345','College',103,NULL,NULL,NULL),
('ymca','12345','College',191,NULL,NULL,NULL);

CREATE TABLE applications (
    id INT PRIMARY KEY AUTO_INCREMENT,
    student_name VARCHAR(100),
    college_name VARCHAR(150)
);

CREATE TABLE colleges (
    college_id INT PRIMARY KEY,
    name VARCHAR(150),
    location VARCHAR(100),
    fees INT,
    image_path VARCHAR(255),
    description TEXT,
    state VARCHAR(100),
    course VARCHAR(100)
);

INSERT INTO colleges (college_id, name, location, fees, image_path, description, state, course) VALUES(1,'Aditya University','Surampalem',250000,'C:/CollegeImages/city.jpg','A premier engineering college with NAAC A++ grade.','Andhra Pradesh','B.Tech'),
(2,'SRM University','Chennai',250000,'C:/CollegeImages/college2.jpg','Top private university with excellent infrastructure.','Tamil Nadu','M.Tech'),
(3,'IIT Hyderabad','Hyderabad',250000,NULL,'Top IIT','Telangana','B.Tech'),
(4,'Osmania University','Hyderabad',60000,NULL,'Historic university','Telangana','B.Sc'),
(5,'JNTU Hyderabad','Hyderabad',90000,NULL,'Famous state university','Telangana','M.Tech'),
(6,'CBIT','Hyderabad',140000,NULL,'Private engineering college','Telangana','B.Tech'),
(7,'VNR VJIET','Hyderabad',150000,NULL,'Top private college','Telangana','B.Tech'),
(8,'IIT Bombay','Mumbai',280000,NULL,'Premier IIT','Maharashtra','B.Tech'),
(9,'VJTI','Mumbai',85000,NULL,'Government engineering','Maharashtra','M.Tech'),
(10,'Symbiosis','Pune',200000,NULL,'Top MBA college','Maharashtra','MBA'),
(11,'COEP','Pune',120000,NULL,'Old engineering college','Maharashtra','B.Tech'),
(12,'NMIMS','Mumbai',210000,NULL,'Deemed university','Maharashtra','BBA'),
(13,'IIT Delhi','New Delhi',260000,NULL,'Top IIT','Delhi','B.Tech'),
(14,'DTU','Delhi',150000,NULL,'Delhi technical university','Delhi','B.Tech'),
(15,'NSUT','Delhi',160000,NULL,'State engineering','Delhi','M.Tech'),
(16,'Jamia Millia','Delhi',70000,NULL,'Central university','Delhi','B.Sc'),
(17,'IP University','Delhi',95000,NULL,'State university','Delhi','BCA'),
(18,'Anna University','Chennai',120000,NULL,'Famous university','Tamil Nadu','B.Tech'),
(19,'SRM University','Chennai',200000,NULL,'Private deemed','Tamil Nadu','B.Tech'),
(20,'VIT Vellore','Vellore',175000,NULL,'Top private','Tamil Nadu','M.Tech'),
(21,'PSG Tech','Coimbatore',95000,NULL,'Autonomous college','Tamil Nadu','B.Sc'),
(22,'Loyola College','Chennai',65000,NULL,'Arts & science','Tamil Nadu','B.Com'),
(23,'VTU','Belgaum',95000,NULL,'State university','Karnataka','M.Tech'),
(24,'RV College','Bangalore',180000,NULL,'Top private','Karnataka','B.Tech'),
(25,'BMS College','Bangalore',160000,NULL,'Old institute','Karnataka','B.Tech'),
(26,'Christ University','Bangalore',190000,NULL,'Private university','Karnataka','MBA'),
(27,'Manipal Institute','Manipal',170000,NULL,'Deemed university','Karnataka','BCA'),
(28,'IIT Kanpur','Kanpur',240000,NULL,'Top IIT','Uttar Pradesh','B.Tech'),
(29,'Amity University','Noida',220000,NULL,'Private university','Uttar Pradesh','MBA'),
(30,'BHU','Varanasi',50000,NULL,'Central university','Uttar Pradesh','B.Sc'),
(31,'AKTU','Lucknow',80000,NULL,'State university','Uttar Pradesh','M.Tech'),
(32,'Galgotias','Greater Noida',130000,NULL,'Private','Uttar Pradesh','B.Tech'),
(33,'IIT Kharagpur','Kharagpur',250000,NULL,'Old IIT','West Bengal','B.Tech'),
(34,'Jadavpur University','Kolkata',90000,NULL,'Top state','West Bengal','M.Tech'),
(35,'Heritage Institute','Kolkata',140000,NULL,'Private','West Bengal','B.Tech'),
(36,'Calcutta University','Kolkata',10000,NULL,'Historic','West Bengal','B.Com'),
(37,'Techno India','Kolkata',85000,NULL,'Private','West Bengal','BCA'),
(38,'Praneeth University','North Korea',0,NULL,'Free College(Expenses paid by us)','Pyongyang','Kim John Yung'),
(39,'Andhra University','Vizag',220000,NULL,'','Andhra Pradhesh','B-Tech'),
(40,'JNTU Kakinada','Kakinada',40000,NULL,'State university known for its robust engineering curriculum and research centers.','Andhra Pradesh','B.Tech'),
(41,'Sri Venkateswara University','Tirupati',30000,NULL,'A highly ranked university with great industry exposure and experienced faculty.','Andhra Pradesh','M.Sc'),
(42,'K L Deemed to be University','Vijayawada',250000,NULL,'Private university with excellent infrastructure and industry tie-ups.','Andhra Pradesh','B.Tech'),
(43,'GITAM University','Visakhapatnam',280000,NULL,'Renowned for modern labs, foreign exchange programs, and solid IT placements.','Andhra Pradesh','B.Tech'),
(44,'VIT AP University','Amaravati',270000,NULL,'Offers flexible credit systems and highly competitive placement drives.','Andhra Pradesh','B.Tech'),
(45,'Vignan University','Guntur',150000,NULL,'Known for strict academics and excellent core-sector placements.','Andhra Pradesh','MBA'),
(46,'RVR & JC College of Engineering','Guntur',70000,NULL,'Highly reputed local engineering college with strong alumni network.','Andhra Pradesh','B.Tech'),
(47,'SRKR Engineering College','Bhimavaram',75000,NULL,'Historic college with a strong coding culture and active student societies.','Andhra Pradesh','B.Tech'),
(48,'Gayatri Vidya Parishad','Visakhapatnam',80000,NULL,'Top-ranked affiliated college with rigorous academic standards.','Andhra Pradesh','B.Tech'),
(49,'GMR Institute of Technology','Rajam',85000,NULL,'State-of-the-art labs and strong focus on holistic student development.','Andhra Pradesh','B.Tech'),
(50,'JNTU Anantapur','Anantapur',35000,NULL,'Leading state technical university serving the Rayalaseema region.','Andhra Pradesh','B.Tech'),
(51,'G Pulla Reddy Engineering College','Kurnool',75000,NULL,'Autonomous college known for disciplined academics and core engineering.','Andhra Pradesh','B.Tech'),
(52,'Vasavi College of Engineering','Hyderabad',125000,NULL,'Strict academic curriculum with stellar track record in core placements.','Telangana','B.Tech'),
(53,'Kakatiya University','Warangal',18000,NULL,'Major state university serving the northern part of the state.','Telangana','B.Sc'),
(54,'Sreenidhi Institute of Science and Tech','Hyderabad',130000,NULL,'Vibrant campus life with strong emphasis on extracurriculars.','Telangana','B.Tech'),
(55,'Anurag University','Hyderabad',125000,NULL,'Fast-growing private university with modern infrastructure.','Telangana','B.Tech'),
(56,'Mahindra University','Hyderabad',450000,NULL,'Premium institute backed by the Mahindra group focusing on global standards.','Telangana','B.Tech'),
(57,'Woxsen University','Hyderabad',500000,NULL,'Top-tier management and business programs with a world-class campus.','Telangana','MBA'),
(58,'ICFAI Business School','Hyderabad',800000,NULL,'One of the leading B-Schools known for its case-study methodology.','Telangana','MBA'),
(59,'BITS Pilani','Hyderabad',450000,NULL,'Elite technical institute offering a highly flexible and competitive environment.','Telangana','B.Tech'),
(60,'Vardhaman College of Engineering','Hyderabad',115000,NULL,'Excellent technical education and high placement rates in IT.','Telangana','B.Tech'),
(61,'CVR College of Engineering','Hyderabad',110000,NULL,'Quiet campus on the outskirts with exceptional academic results.','Telangana','B.Tech'),
(62,'Gokaraju Rangaraju Institute','Hyderabad',120000,NULL,'Known for strong faculty and consistent software placements.','Telangana','B.Tech'),
(63,'KMIT','Hyderabad',105000,NULL,'Highly focused on computer science and specialized IT training.','Telangana','B.Tech'),
(64,'MGIT','Hyderabad',110000,NULL,'Sister college to CBIT, known for excellent infrastructure and tech fests.','Telangana','B.Tech'),
(65,'Indian Institute of Science (IISc)','Bangalore',35000,NULL,'The absolute pinnacle of advanced scientific research in India.','Karnataka','M.Sc'),
(66,'NITK Surathkal','Mangalore',150000,NULL,'Premier NIT with a private beach and outstanding core placements.','Karnataka','B.Tech'),
(67,'M.S. Ramaiah Institute of Tech','Bangalore',110000,NULL,'Great campus life and strong ties with Bangalore IT companies.','Karnataka','B.Tech'),
(68,'PES University','Bangalore',350000,NULL,'Highly competitive university known for massive software packages.','Karnataka','B.Tech'),
(69,'Jain University','Bangalore',200000,NULL,'Excellent sports facilities and diverse management degree options.','Karnataka','MBA'),
(70,'NITTE University','Mangalore',150000,NULL,'Rapidly growing university with a focus on holistic education.','Karnataka','BCA'),
(71,'Dayananda Sagar College','Bangalore',110000,NULL,'Massive campus with diverse engineering and arts faculties.','Karnataka','B.Tech'),
(72,'Bangalore University','Bangalore',25000,NULL,'Sprawling central university offering pure sciences and commerce.','Karnataka','M.Com'),
(73,'Mysore University','Mysore',20000,NULL,'Heritage university known for its deep research in humanities and sciences.','Karnataka','M.Sc'),
(74,'St. Josephs College','Bangalore',65000,NULL,'Autonomous college offering highly sought-after arts and computer degrees.','Karnataka','BCA'),
(75,'IIM Bangalore','Bangalore',2450000,NULL,'Elite management institute focusing heavily on strategy and analytics.','Karnataka','MBA'),
(76,'NIE Mysore','Mysore',95000,NULL,'One of the oldest private engineering colleges in the state with rich heritage.','Karnataka','B.Tech'),
(77,'IIT Madras','Chennai',220000,NULL,'Consistently ranked #1 in India with a massive forested campus.','Tamil Nadu','B.Tech'),
(78,'NIT Trichy','Trichy',150000,NULL,'The top-ranked NIT in the country with unbeatable return on investment.','Tamil Nadu','B.Tech'),
(79,'Sathyabama Institute','Chennai',150000,NULL,'Strict discipline and highly consistent placement records.','Tamil Nadu','B.Tech'),
(80,'SASTRA University','Thanjavur',140000,NULL,'Values-driven institution with exceptional academics and no capitation.','Tamil Nadu','B.Tech'),
(81,'SSN College of Engineering','Chennai',120000,NULL,'Founded by Shiv Nadar, known for beautiful campus and high merit.','Tamil Nadu','B.Tech'),
(82,'Madras Christian College','Chennai',45000,NULL,'Heritage campus with highly regarded arts and management faculties.','Tamil Nadu','BBA'),
(83,'Stella Maris College','Chennai',50000,NULL,'Premier autonomous college known for academic excellence in sciences.','Tamil Nadu','B.Sc'),
(84,'Presidency College','Chennai',15000,NULL,'One of the oldest government arts colleges in India.','Tamil Nadu','B.Sc'),
(85,'Hindustan Institute of Tech','Chennai',170000,NULL,'Known for its aeronautical and automobile engineering programs.','Tamil Nadu','B.Tech');

INSERT INTO colleges (college_id, name, location, fees, image_path, description, state, course) VALUES(86,'Kumaraguru College of Tech','Coimbatore',110000,NULL,'Sprawling campus with a strong focus on innovation and sports.','Tamil Nadu','B.Tech'),
(87,'Mepco Schlenk Engineering','Sivakasi',85000,NULL,'Highly disciplined institution known for top university ranks.','Tamil Nadu','B.Tech'),
(88,'NIT Calicut','Calicut',150000,NULL,'Premier technical institute known for excellent architecture and tech programs.','Kerala','B.Tech'),
(89,'College of Engineering (CET)','Trivandrum',45000,NULL,'The oldest and most prestigious state engineering college.','Kerala','B.Tech'),
(90,'CUSAT','Kochi',65000,NULL,'Renowned for its naval architecture and computer science departments.','Kerala','B.Tech'),
(91,'Model Engineering College','Kochi',75000,NULL,'Government-sponsored college with elite IT placement stats.','Kerala','B.Tech'),
(92,'Rajagiri College of Social Sciences','Kochi',90000,NULL,'Top-ranked college for management and social sciences.','Kerala','MBA'),
(93,'Muthoot Institute of Tech','Ernakulam',85000,NULL,'Rapidly growing private college with strong industry backing.','Kerala','B.Tech'),
(94,'TKM College of Engineering','Kollam',50000,NULL,'Historic aided college with a strong alumni base in the Middle East.','Kerala','B.Tech'),
(95,'Mar Athanasius College','Kothamangalam',45000,NULL,'Known for strict academics and beautiful green campus.','Kerala','B.Tech'),
(96,'Kerala University','Trivandrum',20000,NULL,'Offers highly subsidized post-graduate science and commerce programs.','Kerala','M.Sc'),
(97,'MG University','Kottayam',22000,NULL,'Major state university serving central Kerala with diverse degrees.','Kerala','M.Com'),
(98,'Farook College','Calicut',30000,NULL,'Highly respected autonomous college in the Malabar region.','Kerala','B.Sc'),
(99,'Sacred Heart College','Thevara',35000,NULL,'Excellent infrastructure and vibrant campus life by the backwaters.','Kerala','B.Com'),
(100,'Pune Institute of Computer Tech','Pune',110000,NULL,'Highly focused on IT and CS, producing top-tier software engineers.','Maharashtra','B.Tech'),
(101,'MIT WPU','Pune',310000,NULL,'Massive campus offering diverse programs and great industry exposure.','Maharashtra','B.Tech'),
(102,'Fergusson College','Pune',35000,NULL,'A heritage science college with a sprawling campus and active student societies.','Maharashtra','B.Sc'),
(103,'St. Xaviers College','Mumbai',45000,NULL,'Famous autonomous college with highly sought-after management courses.','Maharashtra','BBA'),
(104,'K. J. Somaiya College','Mumbai',180000,NULL,'Sprawling campus in Vidyavihar known for robust tech and management programs.','Maharashtra','B.Tech'),
(105,'SPJIMR','Mumbai',1900000,NULL,'One of the finest business schools known for its unique pedagogy.','Maharashtra','MBA'),
(106,'Sardar Patel Institute of Tech','Mumbai',160000,NULL,'Highly reputed for computer and electronics engineering.','Maharashtra','B.Tech'),
(107,'RCOEM','Nagpur',140000,NULL,'Top private engineering college in the Vidarbha region.','Maharashtra','B.Tech'),
(108,'Walchand College of Engineering','Sangli',85000,NULL,'Autonomous institute known for core engineering branches.','Maharashtra','B.Tech'),
(109,'VNIT Nagpur','Nagpur',150000,NULL,'Premier NIT with a huge campus and stellar placement statistics.','Maharashtra','B.Tech'),
(110,'DJSCE','Mumbai',170000,NULL,'Highly ranked private engineering college located in Vile Parle.','Maharashtra','B.Tech'),
(111,'IIM Ahmedabad','Ahmedabad',2500000,NULL,'The top-ranked business school in the country producing global leaders.','Gujarat','MBA'),
(112,'IIT Gandhinagar','Gandhinagar',220000,NULL,'Modern IIT known for interdisciplinary learning and great campus.','Gujarat','B.Tech'),
(113,'Nirma University','Ahmedabad',200000,NULL,'Highly reputed private university with strong tech and law programs.','Gujarat','B.Tech'),
(114,'DA-IICT','Gandhinagar',180000,NULL,'Specialized institute famous for Information and Communication Technology.','Gujarat','B.Tech'),
(115,'PDPU','Gandhinagar',240000,NULL,'Known for its specialized petroleum and energy engineering programs.','Gujarat','B.Tech'),
(116,'M.S. University','Vadodara',20000,NULL,'Historic state university offering subsidized arts and commerce degrees.','Gujarat','B.Com'),
(117,'Gujarat University','Ahmedabad',18000,NULL,'The largest university in the state offering pure science post-grads.','Gujarat','M.Sc'),
(118,'L.D. College of Engineering','Ahmedabad',10000,NULL,'Highly reputed government engineering college with a massive student base.','Gujarat','B.Tech'),
(119,'Vishwakarma Government Engineering','Ahmedabad',12000,NULL,'Solid government college with good technical facilities.','Gujarat','B.Tech'),
(120,'St. Xaviers College','Ahmedabad',35000,NULL,'Heritage college known for excellent foundational science programs.','Gujarat','B.Sc'),
(121,'Ahmedabad University','Ahmedabad',300000,NULL,'New-age university with a highly flexible, liberal arts approach to education.','Gujarat','BBA'),
(122,'SVNIT','Surat',150000,NULL,'Premier NIT known for excellent core engineering and CS placements.','Gujarat','B.Tech'),
(123,'BITS Pilani','Pilani',450000,NULL,'Leading private technical university with zero attendance policy.','Rajasthan','B.Tech'),
(124,'MNIT Jaipur','Jaipur',150000,NULL,'Top-tier NIT with a beautiful campus and stellar software placements.','Rajasthan','B.Tech'),
(125,'IIT Jodhpur','Jodhpur',210000,NULL,'Rapidly growing IIT focused on AI and emerging technologies.','Rajasthan','B.Tech'),
(126,'LNMIIT','Jaipur',350000,NULL,'Highly specialized IT institute with a rigorous coding culture.','Rajasthan','B.Tech'),
(127,'Rajasthan University','Jaipur',15000,NULL,'Major state university offering traditional arts, commerce, and science degrees.','Rajasthan','B.Com'),
(128,'JECRC University','Jaipur',140000,NULL,'Fast-growing private university known for IT placements.','Rajasthan','B.Tech'),
(129,'SKIT','Jaipur',110000,NULL,'Top-ranked affiliated technical college in the state.','Rajasthan','B.Tech'),
(130,'Rajasthan Technical University','Kota',60000,NULL,'The central technical university governing many state colleges.','Rajasthan','M.Tech'),
(131,'MBM Engineering College','Jodhpur',75000,NULL,'One of the oldest government engineering colleges in the state.','Rajasthan','B.Tech'),
(132,'Banasthali Vidyapith','Tonk',120000,NULL,'The largest fully residential women''s university in the world.','Rajasthan','BCA'),
(133,'MNNIT','Allahabad',150000,NULL,'A top NIT famous for producing elite software engineers.','Uttar Pradesh','B.Tech'),
(134,'HBTU','Kanpur',120000,NULL,'Historic state university reputed for chemical and mechanical engineering.','Uttar Pradesh','B.Tech'),
(135,'IIM Lucknow','Lucknow',2000000,NULL,'Tier-1 business school known for strict academics and top-tier consulting roles.','Uttar Pradesh','MBA'),
(136,'Aligarh Muslim University (AMU)','Aligarh',25000,NULL,'Central university offering highly subsidized diverse programs.','Uttar Pradesh','M.Sc'),
(137,'Dayalbagh Educational Institute','Agra',30000,NULL,'Known for its unique value-based education system and low fees.','Uttar Pradesh','B.Sc'),
(138,'Jaypee Institute (JIIT)','Noida',250000,NULL,'Highly ranked private tech institute right in the IT hub of NCR.','Uttar Pradesh','B.Tech'),
(139,'Shiv Nadar University','Greater Noida',300000,NULL,'Research-focused multidisciplinary university with a great campus.','Uttar Pradesh','B.Tech'),
(140,'GL Bajaj Institute','Greater Noida',140000,NULL,'Consistently ranks high for software placements in the NCR region.','Uttar Pradesh','B.Tech'),
(141,'AKGEC','Ghaziabad',130000,NULL,'Reputed technical college with excellent robotics labs.','Uttar Pradesh','B.Tech'),
(142,'JSS Academy','Noida',135000,NULL,'Highly sought-after state affiliated college with solid placements.','Uttar Pradesh','B.Tech'),
(143,'KIET Group of Institutions','Ghaziabad',125000,NULL,'Known for strict academics and consistent technical placements.','Uttar Pradesh','B.Tech'),
(144,'IIT Indore','Indore',210000,NULL,'Newer IIT with a rapidly growing reputation in research and CS.','Madhya Pradesh','B.Tech'),
(145,'MANIT','Bhopal',150000,NULL,'The state''s premier NIT, known for its massive campus and alumni network.','Madhya Pradesh','B.Tech'),
(146,'IIM Indore','Indore',1800000,NULL,'Elite management school famous for its beautiful campus and IPM program.','Madhya Pradesh','MBA'),
(147,'SGSITS','Indore',95000,NULL,'The most prestigious state government engineering college in MP.','Madhya Pradesh','B.Tech'),
(148,'Devi Ahilya Vishwavidyalaya','Indore',45000,NULL,'State university offering highly reputed management and commerce degrees.','Madhya Pradesh','B.Com'),
(149,'LNCT','Bhopal',120000,NULL,'The top private engineering college in the state by placement volume.','Madhya Pradesh','B.Tech'),
(150,'Medicaps University','Indore',130000,NULL,'A popular private university known for computer science and IT.','Madhya Pradesh','B.Tech'),
(151,'Oriental Institute of Science','Bhopal',110000,NULL,'A well-established technical institute with strong industry links.','Madhya Pradesh','B.Tech'),
(152,'Barkatullah University','Bhopal',20000,NULL,'Major state university serving central MP with arts and sciences.','Madhya Pradesh','M.Sc'),
(153,'Jiwaji University','Gwalior',22000,NULL,'Known for its diverse range of traditional and vocational courses.','Madhya Pradesh','B.Sc'),
(154,'RKDF University','Bhopal',80000,NULL,'Large private university offering a multitude of degree programs.','Madhya Pradesh','BCA'),
(155,'IIEST','Shibpur',140000,NULL,'One of the oldest engineering colleges in India, now an institute of national importance.','West Bengal','B.Tech'),
(156,'NIT Durgapur','Durgapur',150000,NULL,'Premier technical institute located in the industrial hub of the state.','West Bengal','B.Tech'),
(157,'IEM','Kolkata',160000,NULL,'The top-ranked private engineering and management college in the state.','West Bengal','B.Tech'),
(158,'Haldia Institute of Tech','Haldia',110000,NULL,'Known for its chemical engineering and core branch placements.','West Bengal','B.Tech'),
(159,'Presidency University','Kolkata',20000,NULL,'Heritage institution famous for its liberal arts and basic sciences.','West Bengal','B.Sc'),
(160,'St. Xaviers College','Kolkata',60000,NULL,'The premier college for commerce and business administration in the east.','West Bengal','B.Com'),
(161,'Scottish Church College','Kolkata',25000,NULL,'Historic college with a strong legacy in teaching pure sciences.','West Bengal','B.Sc'),
(162,'Asutosh College','Kolkata',20000,NULL,'A highly reputed college for undergraduate sciences and humanities.','West Bengal','B.Sc'),
(163,'Netaji Subhash Engineering College','Kolkata',110000,NULL,'Solid technical institute with consistent software placements.','West Bengal','B.Tech'),
(164,'RCC Institute of Information Tech','Kolkata',90000,NULL,'Government-aided college heavily focused on IT and computer applications.','West Bengal','BCA'),
(165,'Kalyani Government Engineering','Kalyani',15000,NULL,'Highly reputed state government college known for exceptional ROI.','West Bengal','B.Tech'),
(166,'IIT Bhubaneswar','Bhubaneswar',210000,NULL,'Fast-growing IIT with a beautiful permanent campus and strong core research.','Odisha','B.Tech'),
(167,'NIT Rourkela','Rourkela',150000,NULL,'One of the top NITs, famous for its massive campus and diverse engineering fields.','Odisha','B.Tech'),
(168,'KIIT University','Bhubaneswar',350000,NULL,'Massive private university known for world-class infrastructure and global diversity.','Odisha','B.Tech'),
(169,'SOA University','Bhubaneswar',250000,NULL,'Highly ranked private university with excellent tech and management programs.','Odisha','B.Tech'),
(170,'CET Bhubaneswar','Bhubaneswar',60000,NULL,'The premier state government engineering college with top-tier merit cutoffs.','Odisha','B.Tech');

INSERT INTO colleges (college_id, name, location, fees, image_path, description, state, course) VALUES
(171,'Utkal University','Bhubaneswar',18000,NULL,'The oldest university in the state, reputed for arts and science post-grads.','Odisha','M.Sc'),
(172,'Ravenshaw University','Cuttack',25000,NULL,'A heritage institution offering highly reputed undergraduate programs.','Odisha','B.Com'),
(173,'VSSUT','Burla',65000,NULL,'Historic technical university known for strong core engineering alumni.','Odisha','B.Tech'),
(174,'Silicon Institute of Tech','Bhubaneswar',140000,NULL,'The most sought-after private affiliated tech college in the state.','Odisha','B.Tech'),
(175,'C.V. Raman Global University','Bhubaneswar',160000,NULL,'Known for its center of excellence labs and marine engineering.','Odisha','B.Tech'),
(176,'GITA','Bhubaneswar',110000,NULL,'Consistent private engineering college with good IT industry links.','Odisha','B.Tech'),
(177,'Fakir Mohan University','Balasore',20000,NULL,'State university serving northern Odisha with diverse degree options.','Odisha','M.Com'),
(178,'IIT Ropar','Rupnagar',215000,NULL,'Highly ranked newer IIT with excellent research output and tech placements.','Punjab','B.Tech'),
(179,'NIT Jalandhar','Jalandhar',150000,NULL,'Premier institute known for its textile and core engineering programs.','Punjab','B.Tech'),
(180,'Thapar Institute','Patiala',400000,NULL,'One of the oldest and most prestigious private engineering institutes in India.','Punjab','B.Tech'),
(181,'PEC','Chandigarh',170000,NULL,'Historic tech institute with an elite alumni network and excellent location.','Punjab','B.Tech'),
(182,'Panjab University','Chandigarh',45000,NULL,'Highly prestigious state university known for sciences, arts, and law.','Punjab','M.Sc'),
(183,'Lovely Professional University','Phagwara',200000,NULL,'Massive private campus with incredibly diverse courses and global students.','Punjab','MBA'),
(184,'Chandigarh University','Mohali',180000,NULL,'Rapidly growing private university with excellent corporate placement drives.','Punjab','B.Tech'),
(185,'Guru Nanak Dev University','Amritsar',50000,NULL,'State university famous for its sports infrastructure and sciences.','Punjab','B.Sc'),
(186,'Chitkara University','Rajpura',170000,NULL,'Known for practical learning and very strong software industry connections.','Punjab','BCA'),
(187,'Rayat Bahra University','Mohali',120000,NULL,'Large educational group offering a wide variety of professional degrees.','Punjab','B.Tech'),
(188,'DAV College','Jalandhar',35000,NULL,'Historic college known for foundational sciences and commerce.','Punjab','B.Com'),
(189,'Khalsa College','Amritsar',40000,NULL,'Heritage campus with a strong focus on agriculture and basic sciences.','Punjab','B.Sc'),
(190,'NIT Kurukshetra','Kurukshetra',150000,NULL,'Top-tier NIT with a legendary alumni network and massive campus.','Haryana','B.Tech'),
(191,'YMCA','Faridabad',90000,NULL,'Highly sought-after state tech university with exceptional ROI and placements.','Haryana','B.Tech'),
(192,'DCRUST','Murthal',75000,NULL,'State technical university known for core engineering and architecture.','Haryana','B.Tech'),
(193,'M.D. University','Rohtak',30000,NULL,'Major state university governing hundreds of affiliated colleges.','Haryana','M.Com'),
(194,'Kurukshetra University','Kurukshetra',35000,NULL,'Massive sprawling campus offering diverse post-graduate and research programs.','Haryana','M.Sc'),
(195,'Ashoka University','Sonipat',900000,NULL,'Elite private university known for liberal arts and pure sciences.','Haryana','B.Sc'),
(196,'O.P. Jindal Global University','Sonipat',850000,NULL,'World-class private university focusing on law, business, and international affairs.','Haryana','MBA'),
(197,'The NorthCap University','Gurugram',250000,NULL,'Modern university right in the corporate hub offering great industry exposure.','Haryana','B.Tech'),
(198,'SRM University','Sonipat',220000,NULL,'New campus of the SRM group bringing their tech expertise to the north.','Haryana','B.Tech'),
(199,'BML Munjal University','Gurugram',300000,NULL,'Backed by the Hero group, focuses heavily on practical and hands-on engineering.','Haryana','B.Tech'),
(201,'IIT Patna','Patna',210000,NULL,'Rapidly growing IIT with strong faculty and excellent software placements.','Bihar','B.Tech'),
(202,'NIT Patna','Patna',150000,NULL,'Historic institute located on the banks of the Ganges with great core placements.','Bihar','B.Tech'),
(203,'BIT Patna','Patna',250000,NULL,'Extension campus of BIT Mesra offering the same rigorous technical curriculum.','Bihar','B.Tech'),
(204,'Patna University','Patna',10000,NULL,'The oldest university in the state offering traditional arts and commerce.','Bihar','B.Com'),
(205,'Patna Science College','Patna',12000,NULL,'Highly prestigious government college for pure science undergraduates.','Bihar','B.Sc'),
(206,'A.N. College','Patna',15000,NULL,'Top-ranked state college offering diverse degrees in tech and humanities.','Bihar','BCA'),
(207,'CIMP','Patna',600000,NULL,'The premier management institute in the state modeling IIM pedagogy.','Bihar','MBA'),
(208,'Chandragupt Institute','Patna',550000,NULL,'Known for rigorous business analytics and management training.','Bihar','MBA'),
(209,'BCE Bhagalpur','Bhagalpur',35000,NULL,'One of the oldest state government engineering colleges.','Bihar','B.Tech'),
(210,'MIT Muzaffarpur','Muzaffarpur',40000,NULL,'Highly sought-after state technical institute with a strong alumni network.','Bihar','B.Tech'),
(211,'Gaya Engineering College','Gaya',30000,NULL,'State-run tech college serving the southern region of the state.','Bihar','B.Tech'),
(212,'Nalanda Engineering College','Chandi',30000,NULL,'Government engineering college with a focus on core technical education.','Bihar','B.Tech'),
(213,'IIT Guwahati','Guwahati',220000,NULL,'One of the elite old IITs with arguably the most beautiful campus in India.','Assam','B.Tech'),
(214,'NIT Silchar','Silchar',150000,NULL,'Premier NIT serving the northeast with excellent placement statistics.','Assam','B.Tech'),
(215,'Assam Engineering College','Guwahati',30000,NULL,'The oldest and most prestigious state engineering college in Assam.','Assam','B.Tech'),
(216,'Jorhat Engineering College','Jorhat',35000,NULL,'Historic state tech institute known for mechanical and civil engineering.','Assam','B.Tech'),
(217,'Tezpur University','Tezpur',45000,NULL,'Highly ranked central university with a beautiful campus and diverse tech courses.','Assam','M.Tech'),
(218,'Dibrugarh University','Dibrugarh',40000,NULL,'Major state university reputed for petroleum technology and sciences.','Assam','M.Sc'),
(219,'Cotton University','Guwahati',25000,NULL,'Heritage institution that is the academic heart of the state.','Assam','B.Sc'),
(220,'Gauhati University','Guwahati',30000,NULL,'The oldest and largest university in the northeast offering comprehensive programs.','Assam','M.Com'),
(221,'Assam Don Bosco University','Guwahati',150000,NULL,'Top-ranked private university known for strict discipline and social work.','Assam','BCA'),
(222,'Royal Global University','Guwahati',180000,NULL,'Massive modern private campus offering diverse management and tech degrees.','Assam','MBA'),
(223,'Kaziranga University','Jorhat',140000,NULL,'New-age private university focusing heavily on industry-aligned education.','Assam','B.Tech'),
(224,'Assam Womens University','Jorhat',30000,NULL,'The first state university dedicated exclusively to the empowerment of women.','Assam','MBA'),
(225,'IIIT Delhi','New Delhi',400000,NULL,'Highly specialized institute focused purely on advanced CS and IT research.','Delhi','B.Tech'),
(226,'NIT Delhi','New Delhi',150000,NULL,'Rapidly growing NIT benefiting heavily from its capital city location.','Delhi','B.Tech'),
(227,'IGDTUW','New Delhi',120000,NULL,'The premier technical university exclusively for women with stellar placements.','Delhi','B.Tech'),
(228,'Shri Ram College of Commerce','New Delhi',30000,NULL,'The absolute pinnacle of commerce and economics education in India.','Delhi','B.Com'),
(229,'Hindu College','New Delhi',25000,NULL,'Highly prestigious DU college known for arts, sciences, and an elite crowd.','Delhi','B.Sc'),
(230,'St. Stephens College','New Delhi',40000,NULL,'Heritage institution with extreme cutoffs and an unparalleled alumni network.','Delhi','B.Sc'),
(231,'Hansraj College','New Delhi',28000,NULL,'Top-tier DU college famous for its vibrant campus and commerce degrees.','Delhi','B.Com'),
(232,'Miranda House','New Delhi',20000,NULL,'Consistently ranked as the #1 college in India, exclusively for women.','Delhi','B.Sc'),
(233,'Lady Shri Ram College (LSR)','New Delhi',35000,NULL,'Elite women''s college renowned for humanities, psychology, and commerce.','Delhi','B.Com'),
(234,'Gargi College','New Delhi',22000,NULL,'Highly sought-after south campus college for women offering diverse degrees.','Delhi','B.Sc'),
(235,'Jawaharlal Nehru University (JNU)','New Delhi',5000,NULL,'The epicenter of social sciences, languages, and international relations research.','Delhi','M.Sc'),
(236,'Anil Neerukonda Institute of Technology and Sciences (ANITS)','Visakhapatnam',90000,NULL,'Highly reputed for strict academics and consistent software placements.','Andhra Pradesh','B.Tech'),
(237,'Velagapudi Ramakrishna Siddhartha Engineering College (VRSEC)','Vijayawada',85000,NULL,'One of the oldest private engineering colleges in AP with a strong alumni network.','Andhra Pradesh','B.Tech'),
(238,'Sree Vidyanikethan Engineering College','Tirupati',110000,NULL,'Massive campus with excellent infrastructure and high placement records.','Andhra Pradesh','B.Tech'),
(239,'Pragati Engineering College','Surampalem',70000,NULL,'Known for good faculty and strong ties to local IT industries for CSE students.','Andhra Pradesh','B.Tech'),
(240,'Madanapalle Institute of Technology & Science (MITS)','Madanapalle',80000,NULL,'Autonomous college offering excellent industry-oriented programs.','Andhra Pradesh','B.Tech'),
(241,'Bapatla Engineering College','Bapatla',65000,NULL,'Heritage technical institute with a strong focus on core engineering branches.','Andhra Pradesh','B.Tech'),
(242,'Seshadri Rao Gudlavalleru Engineering College','Gudlavalleru',75000,NULL,'A well-established autonomous college with good placement statistics.','Andhra Pradesh','B.Tech'),
(243,'Lakkireddy Bali Reddy College of Engineering (LBRCE)','Mylavaram',80000,NULL,'Known for its green campus and excellent lab facilities.','Andhra Pradesh','B.Tech'),
(244,'MVGR College of Engineering','Vizianagaram',85000,NULL,'Highly ranked autonomous institution in the northern AP region.','Andhra Pradesh','B.Tech'),
(245,'Vishnu Institute of Technology','Bhimavaram',95000,NULL,'Part of the Sri Vishnu Educational Society, known for an excellent coding culture.','Andhra Pradesh','B.Tech'),
(246,'Raghu Engineering College','Visakhapatnam',70000,NULL,'Growing tech institute with strong regional corporate connections.','Andhra Pradesh','B.Tech'),
(247,'Annamacharya Institute of Technology and Sciences','Rajampet',68000,NULL,'Reputed autonomous institution serving the Rayalaseema region.','Andhra Pradesh','B.Tech'),
(249,'G. Pullaiah College of Engineering and Technology','Kurnool',65000,NULL,'Rapidly growing technical institute with a focus on modern engineering practices.','Andhra Pradesh','B.Tech'),
(250,'Dhanekula Institute of Engineering & Technology','Vijayawada',72000,NULL,'Provides quality technical education with active student development cells.','Andhra Pradesh','B.Tech'),
(251,'Eluru College of Engineering','Eluru',350000,NULL,'New College','Andhra Pradhesh','B Tech'),
(252,'Mohan babu University','Tirupathi',220000,NULL,'','Andhra Pradhesh','B tech');

CREATE TABLE facilities (
    id INT PRIMARY KEY AUTO_INCREMENT,
    college_id INT,
    facility_name VARCHAR(100),
    FOREIGN KEY (college_id) REFERENCES colleges(college_id)
);

INSERT INTO facilities (college_id, facility_name) VALUES
(1, 'Technical Hub'),
(1, 'smartIntervies'),
(1, 'Auditorium');

CREATE TABLE hostels (
    id INT PRIMARY KEY AUTO_INCREMENT,
    college_id INT,
    type VARCHAR(100),
    fee INT
);

INSERT INTO hostels (college_id, type, fee) VALUES
(1, 'Boys and Girls', 115000),
(39, 'Non AC rooms', 110000),
(1, 'AC', 150000);

CREATE TABLE placements (
    id INT PRIMARY KEY AUTO_INCREMENT,
    college_id INT,
    student_name VARCHAR(100),
    company VARCHAR(100),
    package_lpa INT,
    student_image_path VARCHAR(255)
);

INSERT INTO placements (college_id, student_name, company, package_lpa, student_image_path) VALUES
(1, 'Charlie', 'Cisco', 12, NULL);
